"target_id","pval","qval","test_stat","rss","degrees_free","mean_obs","var_obs","tech_var","sigma_sq","smooth_sigma_sq","final_sigma_sq"
"XM_016856448.2",6.61451037981084e-07,0.0174358493611814,24.7242949162264,15.4783750486283,1,5.3943843950957,3.09567500972566,0.00989040399400346,3.08578460573165,0.110408591289909,3.08578460573165
"XM_016861374.2",5.71506725069719e-07,0.0174358493611814,25.0060510621099,11.1457216113564,1,5.69307252499172,2.22914432227128,0.0070896408138983,2.22205468145738,0.0930673386313322,2.22205468145738
"XM_016895076.2",6.41700318675093e-07,0.0174358493611814,24.7827242294913,12.8600896723466,1,7.39375296122171,2.57201793446932,0.00144839054097334,2.57056954392834,0.0836837323661749,2.57056954392834
"XM_016841807.2",1.27844474510731e-06,0.0202198820886172,23.45538342255,6.72498240416768,1,7.31061938301577,1.34499648083353,0.00099724518663527,1.3439992356469,0.0815545464164858,1.3439992356469
"XR_001682801.2",1.16578977015106e-06,0.0202198820886172,23.6328712280923,10.0330650054577,1,6.51716794339487,2.00661300109154,0.0119842733700295,1.99462872772152,0.0749332314186615,1.99462872772152
"XM_016814979.2",2.43360869757159e-06,0.0218868784483458,22.2181616830167,13.3630038116085,1,6.79167998621236,2.67260076232169,0.00246945713273238,2.67013130518896,0.0746195430310012,2.67013130518896
"XM_016816375.2",3.3045330481853e-06,0.0218868784483458,21.6310812559005,13.9134405851949,1,4.92589395317012,2.78268811703898,0.0166219093318677,2.76606620770712,0.162099276717716,2.76606620770712
"XM_016825154.2",2.76504850493373e-06,0.0218868784483458,21.9730577520393,7.20971080587349,1,6.79188822546103,1.4419421611747,0.00165278397031992,1.44028937720438,0.0746203116899587,1.44028937720438
"XM_016841069.2",2.47750695876083e-06,0.0218868784483458,22.1838372436204,6.62697513903505,1,6.14783350224215,1.32539502780701,0.0148190612978906,1.31057596650912,0.0796180059705046,1.31057596650912
"XM_016864246.2",3.1715018199104e-06,0.0218868784483458,21.709900883675,10.3297627694333,1,5.96049229128977,2.06595255388666,0.00512637539692255,2.06082617848974,0.083988884426294,2.06082617848974
"XM_016893365.2",3.35070701579952e-06,0.0218868784483458,21.604466100931,10.1329986997724,1,5.21575117154495,2.02659973995448,0.0118039285077575,2.01479581144673,0.126541161015762,2.01479581144673
"XM_041077144.1",1.98799695660789e-06,0.0218868784483458,22.606607766161,6.54162382961124,1,6.67766369992079,1.30832476592225,0.00163480939561834,1.30668995652663,0.0744284819309295,1.30668995652663
"XM_041083700.1",3.59799468675387e-06,0.0218868784483458,21.4679109747615,16.863872745345,1,6.84116876799127,3.372774549069,0.00281617943224548,3.36995836963675,0.0748455748345236,3.36995836963675
"XM_016842618.2",3.89117225855814e-06,0.0219795644433413,21.3177235176932,5.26878880019313,1,6.56502870985005,1.05375776003862,0.00199664082969851,1.05176111920893,0.0746879898576814,1.05176111920893
"XM_041088176.1",4.27547224536938e-06,0.0225402896775874,21.1372007874183,16.7206487625711,1,4.78434145561907,3.34412975251421,0.0272578190510303,3.31687193346319,0.186222451903649,3.31687193346319
"XM_016821815.2",5.43700606833859e-06,0.0258996645672459,20.6768260797438,9.47254488039039,1,5.62458186252252,1.89450897607808,0.00856620738740432,1.88594276869067,0.0962022485578548,1.88594276869067
"XM_016846192.2",6.02133603609841e-06,0.0258996645672459,20.481406096545,9.72912149651544,1,4.97213565978071,1.94582429930309,0.0115353082038326,1.93428899109926,0.155379971737407,1.93428899109926
"XM_016881940.2",6.2227317498441e-06,0.0258996645672459,20.4184394616796,11.1270405106001,1,5.96751424574207,2.22540810212002,0.00562390641301684,2.219784195707,0.0838013806674301,2.219784195707
"XM_041097348.1",5.71707322509442e-06,0.0258996645672459,20.5806610718967,91.7618129435771,1,3.21294526081993,18.3523625887154,0.00397973772781764,18.3483828509876,1.65719631006178,18.3483828509876
"XM_016898913.2",7.4367130402759e-06,0.0294047633612509,20.0774822703806,5.22658396584845,1,6.05373392136566,1.04531679316969,0.00424274414319837,1.04107404902649,0.0816468891314079,1.04107404902649
"XM_016878378.2",8.23400242993717e-06,0.0310069005790205,19.8827482551164,18.0123067183019,1,4.88763589054044,3.60246134366039,0.0252934029108668,3.57716794074952,0.168053470706461,3.57716794074952
"XM_016809723.2",1.06010958017068e-05,0.0322436406153452,19.3999297739299,5.78914634438954,1,5.64603467685767,1.15782926887791,0.00498010995687423,1.15284915892103,0.0951756838348079,1.15284915892103
"XM_016820720.2",1.05355186904521e-05,0.0322436406153452,19.4117802493865,8.29181261048605,1,7.51770225477194,1.65836252209721,0.000903463190847784,1.65745905890636,0.0874586108041619,1.65745905890636
"XM_016881332.2",1.02435671813785e-05,0.0322436406153452,19.4654538742703,22.5262310945366,1,5.569635908298,4.50524621890731,0.0302254960811283,4.47502072282619,0.0990345698081757,4.47502072282619
"XM_016884087.2",9.84493456265555e-06,0.0322436406153452,19.5412750364299,10.0819944305339,1,5.23718636655704,2.01639888610678,0.00949941093172842,2.00689947517505,0.124399437822084,2.00689947517505
"XM_016894753.2",9.39809875013083e-06,0.0322436406153452,19.6300185221273,9.1711850612363,1,6.6860666822234,1.83423701224726,0.00223526421549425,1.83200174803177,0.0744269571406636,1.83200174803177
"NM_001327435.1",1.73782655612231e-05,0.0341000194861,18.4569854626654,7.09156500234571,1,4.95789946566673,1.41831300046914,0.00960204306506143,1.40871095740408,0.157396187633083,1.40871095740408
"XM_016822487.2",1.7757077227704e-05,0.0341000194861,18.4158927181864,5.60546204315204,1,5.15890980187368,1.12109240863041,0.00993174382759213,1.11116066480282,0.132475422484476,1.11116066480282
"XM_016840273.2",1.28726045123317e-05,0.0341000194861,19.0293081147531,18.6494546440516,1,4.64101276685444,3.72989092881032,0.0307926603941562,3.69909826841616,0.217850670970786,3.69909826841616
"XM_016845074.2",1.50024949713867e-05,0.0341000194861,18.7372258986382,26.1161145210403,1,4.0911198310013,5.22322290420806,0.0881474293114462,5.13507547489662,0.481556916212353,5.13507547489662
"XM_016849371.2",1.75432671879937e-05,0.0341000194861,18.4389768955542,4.40295888169907,1,8.14852266264183,0.880591776339812,0.000456266886656538,0.880135509453158,0.120744796938626,0.880135509453158
"XM_016853832.2",1.58579235296196e-05,0.0341000194861,18.6314922115843,27.0043127360629,1,4.27301594002939,5.40086254721258,0.0636079330361962,5.33725461417639,0.365167263006646,5.33725461417639
"XM_016858145.2",1.19154091436343e-05,0.0341000194861,19.1767787290689,15.7714336467078,1,5.39404688464045,3.15428672934156,0.0128557021123008,3.14143102722927,0.110434523343178,3.14143102722927
"XM_016858760.2",1.31759933743604e-05,0.0341000194861,18.9848579890462,16.8910874197853,1,4.55257727476656,3.37821748395706,0.0278432343716562,3.35037424958541,0.242878854555046,3.35037424958541
"XM_016864025.2",1.71208759966286e-05,0.0341000194861,18.4854232269147,8.74625606763856,1,5.07133399801795,1.74925121352771,0.0409249501670001,1.70832626336071,0.142474763023804,1.70832626336071
"XM_016889286.2",1.81107842490668e-05,0.0341000194861,18.3783106178907,3.11330766817822,1,6.64949183735282,0.622661533635642,0.00161775509266765,0.621043778542976,0.0744516622638533,0.621043778542976
"XM_016890105.2",1.43671279287161e-05,0.0341000194861,18.819755169923,3.86470916088092,1,6.02856456203142,0.772941832176183,0.00340222990479839,0.769539602271385,0.0822495493892761,0.769539602271385
"XM_016893647.2",1.50311064138244e-05,0.0341000194861,18.7335925787429,8.10208609056969,1,5.49854739946461,1.62041721811394,0.0074819562796996,1.61293526183424,0.103180495799255,1.61293526183424
"XM_041080187.1",1.7005210776958e-05,0.0341000194861,18.4983426704434,2.99403695506995,1,6.35371710689107,0.598807391013991,0.00205050905037903,0.596756881963611,0.0763857065473475,0.596756881963611
"XM_041092792.1",1.72272509305936e-05,0.0341000194861,18.4736186378776,12.9187190279566,1,7.49938372024763,2.58374380559132,0.00154173168128173,2.58220207391004,0.0868533905830702,2.58220207391004
"XM_041095335.1",1.45450755160439e-05,0.0341000194861,18.7962772519201,22.5470592190454,1,4.68186167346477,4.50941184380908,0.03009584813943,4.47931599566966,0.207943333552055,4.47931599566966
"XM_041108269.1",1.49567199436276e-05,0.0341000194861,18.7430532928502,3.8805012915342,1,6.38914175296527,0.776100258306839,0.00208146044626142,0.774018797860579,0.0759892356831686,0.774018797860579
"NM_001326778.1",2.17032249774797e-05,0.0343258206243819,18.0336701921175,8.70576794404962,1,6.40856737235848,1.74115358880992,0.00285958994873156,1.73829399886119,0.0757911766451977,1.73829399886119
"NM_001327643.1",2.13770449579449e-05,0.0343258206243819,18.0625005871015,9.47606905812967,1,5.00942879964967,1.89521381162593,0.0130737974934069,1.88214001413253,0.150304123886153,1.88214001413253
"NM_001327734.1",2.05847374153265e-05,0.0343258206243819,18.1344137426159,16.8886861170997,1,5.40534674460358,3.37773722341993,0.0237415383050674,3.35399568511487,0.109575710035838,3.35399568511487
"XM_016820680.2",2.09109822956572e-05,0.0343258206243819,18.1044712152017,5.73736561917841,1,5.36923481838517,1.14747312383568,0.00697318722851855,1.14049993660716,0.112389423577247,1.14049993660716
"XM_016823382.2",2.05620292714128e-05,0.0343258206243819,18.1365155940221,21.7305747083616,1,6.15881619646183,4.34611494167232,0.0084301375952575,4.33768480407706,0.0794044184766276,4.33768480407706
"XM_016826919.2",2.09454403657155e-05,0.0343258206243819,18.1013361214028,5.47897918410487,1,5.80305114544103,1.09579583682098,0.00497274527677044,1.0908230915442,0.0888080437489043,1.0908230915442
"XM_016834234.2",2.15899840967031e-05,0.0343258206243819,18.0436296970612,9.26515994332447,1,5.67017831986708,1.85303198866489,0.00668539706004523,1.84634659160485,0.0940698649032893,1.84634659160485
"XM_016887412.2",2.08869917276697e-05,0.0343258206243819,18.1066570118901,3.59887088057178,1,6.53627786751356,0.719774176114356,0.00198586010868415,0.717788316005671,0.0748256228525175,0.717788316005671
"XM_016834032.2",2.23557633355265e-05,0.034664583619087,17.9772777200728,20.6023675728486,1,4.90920167081983,4.12047351456972,0.022689293749934,4.09778422081979,0.164650795722574,4.09778422081979
"XM_016835313.2",2.42108149043897e-05,0.0368190623584449,17.8255666067245,6.94849368850184,1,6.7160990736986,1.38969873770037,0.00229341919648278,1.38740531850389,0.0744417665311859,1.38740531850389
"NM_001327130.1",2.49142182898863e-05,0.0371738940068718,17.7710755594776,3.19260748699686,1,6.26667227269214,0.638521497399373,0.00247701775339532,0.636044479645976,0.0775562409493372,0.636044479645976
"XM_016828173.2",2.68148281103076e-05,0.0375121374600234,17.6312324293406,3.20901856719911,1,6.16868125299124,0.641803713439822,0.00251145215315183,0.63929226128667,0.0792166258996588,0.63929226128667
"XM_016837726.2",2.64489574359061e-05,0.0375121374600234,17.6573616627861,4.66857013789731,1,8.19051307334471,0.933714027579463,0.000312820328548222,0.933401207250915,0.124020328339507,0.933401207250915
"XM_041078795.1",2.58791222352976e-05,0.0375121374600234,17.6987896022827,4.8407539084794,1,5.92512839422104,0.968150781695881,0.00404223409781978,0.96410854759806,0.0849647055045872,0.96410854759806
"XM_041111515.1",2.70383388368909e-05,0.0375121374600234,17.6154457569126,4.92780394323196,1,6.839318777535,0.985560788646391,0.0098717012563596,0.975689087390033,0.0748355540536902,0.975689087390033
"XM_016846613.2",2.8995345748161e-05,0.0382158656960762,17.4825724471291,19.5671010408248,1,4.25891158462529,3.91342020816497,0.0509108615208891,3.86250934664408,0.373170240608021,3.86250934664408
"XM_016879965.2",2.8198507483926e-05,0.0382158656960762,17.5355536763994,16.9688423314693,1,5.08566787200887,3.39376846629386,0.0153929398730983,3.37837552642076,0.140757795420853,3.37837552642076
"XR_005915944.1",2.88544211684347e-05,0.0382158656960762,17.4918350806357,3.37144988752288,1,5.83114412832788,0.674289977504574,0.00355636266990341,0.670733614834672,0.0878504245911903,0.670733614834672
"XM_016868155.2",2.95477322125248e-05,0.0383054862846961,17.4466965015786,5.83427594061993,1,7.05255505955983,1.16685518812398,0.00123550591417347,1.16561968220981,0.0768117494962949,1.16561968220981
"NM_001327077.1",3.43057222694477e-05,0.0386707664453232,17.1629795697995,4.86856488270005,1,8.03150835164174,0.97371297654001,0.000425394963893532,0.973287581576117,0.112431040862122,0.973287581576117
"NM_001327709.1",3.35942950884133e-05,0.0386707664453232,17.2027881011267,2.74843891324931,1,6.36700526907741,0.549687782649864,0.00226843790138516,0.547419344748478,0.0762316236571862,0.547419344748478
"XM_016821762.2",3.42254424820858e-05,0.0386707664453232,17.1674299528739,7.37212545767386,1,5.15276944916024,1.47442509153477,0.0149436173905721,1.4594814741442,0.133140601655402,1.4594814741442
"XM_016837145.2",3.39723288865069e-05,0.0386707664453232,17.1815305399787,7.02551016015893,1,5.98072469349593,1.40510203203178,0.00465763318160475,1.40044439885018,0.0834539328793256,1.40044439885018
"XM_016862373.2",3.04557586718446e-05,0.0386707664453232,17.3891624199952,12.6306898513764,1,5.27806587839613,2.52613797027527,0.00936369792406499,2.51677427235121,0.120443617801748,2.51677427235121
"XM_016865515.2",3.18371859934719e-05,0.0386707664453232,17.3048581568118,10.6131823320049,1,6.54416560256719,2.12263646640098,0.0032242487848459,2.11941221761613,0.0747849646231459,2.11941221761613
"XM_016874409.2",3.47195803947641e-05,0.0386707664453232,17.1402017805438,11.4013742673731,1,5.0034472016851,2.28027485347462,0.0177320413457748,2.26254281212884,0.151098977178375,2.26254281212884
"XM_016880752.2",3.27621456392265e-05,0.0386707664453232,17.250441239844,4.72412553187642,1,7.09048914634766,0.944825106375283,0.000937971389583233,0.943887134985701,0.0773416065026069,0.943887134985701
"XM_016883545.2",3.38756016577146e-05,0.0386707664453232,17.1869469771963,2.39699126146294,1,6.60701108501295,0.479398252292588,0.00146547772450677,0.477932774568081,0.0745392327294297,0.477932774568081
"XM_041074477.1",3.10188021901296e-05,0.0386707664453232,17.3543466394148,47.2737347332994,1,3.89225183847113,9.45474694665989,0.201017893879416,9.25372905278047,0.636045076862259,9.25372905278047
"XM_016816992.2",3.53660448169135e-05,0.038757647934271,17.1051623237719,3.1135598819346,1,7.68663112465648,0.622711976386919,0.000554308984393013,0.622157667402527,0.0938743614562329,0.622157667402527
"XM_041083605.1",3.57777984218739e-05,0.038757647934271,17.0831786207002,2.20669889453622,1,7.00473734393618,0.441339778907243,0.000966359250242954,0.440373419657001,0.0762221078933036,0.440373419657001
"XM_016821198.2",3.63017239336582e-05,0.038767817613504,17.0555708065399,12.6654044038838,1,5.35883224212486,2.53308088077676,0.00905604537810382,2.52402483539865,0.113238205231592,2.52402483539865
"XM_016876710.2",3.67676570689529e-05,0.038767817613504,17.0313532565888,9.29186747810847,1,4.54092347903841,1.85837349562169,0.021331064489303,1.83704243113239,0.24663845178338,1.83704243113239
"NM_001327109.1",8.63364815706691e-05,0.0420594334163388,15.4142128984821,61.1791740485449,1,2.80760935227844,12.235834809709,0.0751077216990803,12.1607270880099,2.33325948591288,12.1607270880099
"NM_001327175.1",6.81138573016939e-05,0.0420594334163388,15.8625350161784,2.65949813991511,1,6.17228297373031,0.531899627983023,0.00307638190119256,0.528823246081829,0.079149016821381,0.528823246081829
"NM_001327213.1",8.61321859466966e-05,0.0420594334163388,15.4186898354815,2.0239440046062,1,5.84920951826888,0.404788800921241,0.00315343309419045,0.40163536782705,0.0872592556993404,0.40163536782705
"NM_001327331.1",6.68157239790772e-05,0.0420594334163388,15.8989514484206,31.3393255086513,1,5.27680105943053,6.26786510173026,0.0302691475894023,6.23759595414086,0.120563643797066,6.23759595414086
"NM_001327394.1",6.02663964944316e-05,0.0420594334163388,16.0942609249743,32.9400073249887,1,3.95849413065453,6.58800146499773,0.133118604715849,6.45488286028189,0.582255430119257,6.45488286028189
"NM_001327453.1",4.94534575735559e-05,0.0420594334163388,16.4689470171537,4.83146498932431,1,5.51502394847622,0.966292997864864,0.00593846793793533,0.960354529926927,0.102167406065146,0.960354529926927
"XM_016810603.2",8.03627960015857e-05,0.0420594334163388,15.5497377191593,12.550901133236,1,7.64585696132475,2.5101802266472,0.000916387737279398,2.50926383890993,0.0921824143241656,2.50926383890993
"XM_016811759.2",6.16762845084974e-05,0.0420594334163388,16.0504709673955,2.1589749883456,1,6.13449946283234,0.431794997669118,0.00250430165854518,0.429290696010574,0.079883756057605,0.429290696010574
"XM_016812420.2",8.2350658337722e-05,0.0420594334163388,15.5035452323726,2.54316455027597,1,6.79881971746628,0.508632910055194,0.00134302638667044,0.507289883668523,0.0746467751265236,0.507289883668523
"XM_016814086.2",6.06443941715565e-05,0.0420594334163388,16.0824203510853,4.75178676312923,1,8.28634966321291,0.950357352625846,0.000269352234718501,0.950088000391128,0.13212553667365,0.950088000391128
"XM_016814829.2",7.47239204577636e-05,0.0420594334163388,15.6873077749788,15.6539062240344,1,4.09310812523106,3.13078124480688,0.0373468761617681,3.09343436864512,0.48013793950831,3.09343436864512
"XM_016814834.2",5.40333427271603e-05,0.0420594334163388,16.3010731323826,71.1443960086465,1,2.72494164118404,14.2288792017293,0.00272266844807783,14.2261565332812,2.46797455965839,14.2261565332812
"XM_016815688.2",8.18658783906486e-05,0.0420594334163388,15.5147059321037,1.83323731023119,1,7.57378226674741,0.366647462046236,0.000567514230483541,0.366079947815754,0.0894181954573955,0.366079947815754
"XM_016824155.2",6.45235005709844e-05,0.0420594334163388,15.9650279478561,2.52841568595265,1,6.66005739439345,0.505683137190531,0.00147042534309534,0.504212711847436,0.0744397074426341,0.504212711847436
"XM_016826497.2",6.32118412683823e-05,0.0420594334163388,16.0039087757732,1.66796025119957,1,6.44672164715537,0.333592050239913,0.0016263615281462,0.331965688711768,0.0754417550525575,0.331965688711768
"XM_016827055.1",4.95326215301993e-05,0.0420594334163388,16.4659146102979,5.71497091387165,1,5.03494566969194,1.14299418277433,0.0114161196312013,1.13157806314313,0.146991686234292,1.13157806314313
"XM_016827336.2",7.1293204248421e-05,0.0420594334163388,15.7762137823203,5.42735939829319,1,7.53785432567826,1.08547187965864,0.000733911332355561,1.08473796832628,0.0881440638858654,1.08473796832628
"XM_016829901.2",8.29740130021529e-05,0.0420594334163388,15.489290988049,27.1173900914722,1,4.33818113290201,5.42347801829445,0.0618821925887597,5.36159582570569,0.330505494236521,5.36159582570569
"XM_016830771.2",5.01906553076514e-05,0.0420594334163388,16.4408953592928,3.39100128122344,1,6.28458694625237,0.678200256244688,0.00218127127879408,0.676018984965895,0.077292266696225,0.676018984965895
"XM_016830892.2",7.43643535831505e-05,0.0420594334163388,15.696431090101,2.91182525452784,1,6.60803545581403,0.582365050905568,0.0062662298928913,0.576098821012677,0.0745363764229701,0.576098821012677
"XM_016834516.2",8.06005690870149e-05,0.0420594334163388,15.5441523585407,2.52470555051311,1,6.46459527512135,0.504941110102622,0.00972221146590512,0.495218898636717,0.0752960110984659,0.495218898636717
"XM_016837888.2",6.47553497263842e-05,0.0420594334163388,15.9582381248864,2.16878435735596,1,6.04357945055112,0.433756871471192,0.00283151254972462,0.430925358921467,0.0818874937171283,0.430925358921467
"XM_016838256.2",7.25132033206306e-05,0.0420594334163388,15.7441141092935,2.20745389783612,1,6.10825797468316,0.441490779567224,0.00282649242778921,0.438664287139435,0.0804275320378302,0.438664287139435
"XM_016839859.2",8.66930658429847e-05,0.0420594334163388,15.4064241843168,74.5507916401111,1,3.30306522826498,14.9101583280222,1.12483086517141,13.7853274628508,1.48595021724094,13.7853274628508
"XM_016840451.2",8.26177144993554e-05,0.0420594334163388,15.4974252159158,4.39484872527791,1,7.46244209651579,0.87896974505558,0.00075873127844687,0.878211013777134,0.0856836636998401,0.878211013777134
"XM_016840948.2",6.01202060079141e-05,0.0420594334163388,16.0988603040787,16.0991992535468,1,4.39331916783735,3.21983985070936,0.038413657175217,3.18142619353414,0.304147152905033,3.18142619353414
"XM_016843272.2",8.51373299261561e-05,0.0420594334163388,15.4406449476852,8.55531829455558,1,5.39264344911128,1.71106365891112,0.00835655604400836,1.70270710286711,0.110542540855908,1.70270710286711
"XM_016845100.2",7.2847262106821e-05,0.0420594334163388,15.735419331139,5.25136422984709,1,4.87545206393451,1.05027284596942,0.0119016619347891,1.03837118403463,0.170031058557365,1.03837118403463
"XM_016846063.2",4.11683008051502e-05,0.0420594334163388,16.816750934706,7.85105205607857,1,5.03110785277046,1.57021041121571,0.0111308217257857,1.55907958948993,0.147481975121793,1.55907958948993
"XM_016849469.2",5.35495153249205e-05,0.0420594334163388,16.3181176273202,3.88951054057343,1,7.83814127002841,0.777902108114683,0.0107296052261219,0.767172502888564,0.10103674850478,0.767172502888564
"XM_016849533.2",7.61406971161048e-05,0.0420594334163388,15.6517846019273,2.86838916036242,1,7.06625958257369,0.573677832072483,0.00101402606011377,0.572663806012369,0.076996779575818,0.572663806012369
"XM_016852064.2",4.80077483642381e-05,0.0420594334163388,16.5252008635484,5.14740509879585,1,4.97465006566061,1.02948101975917,0.010299516104565,1.01918150365461,0.155028513293243,1.01918150365461
"XM_016852200.2",6.06036772313132e-05,0.0420594334163388,16.0836922150106,1.5689415268829,1,6.99269847005785,0.31378830537658,0.00111212260909891,0.312676182767482,0.0760872328487637,0.312676182767482
"XM_016852731.2",6.17122819516555e-05,0.0420594334163388,16.0493661422994,4.76346083482394,1,5.71455691792707,0.952692166964787,0.00485245976990795,0.94783970719488,0.0921653151863797,0.94783970719488
"XM_016852901.2",4.393384298611e-05,0.0420594334163388,16.6933885625272,5.79174319735721,1,5.92329728563457,1.15834863947144,0.00430516727272317,1.15404347219872,0.085016729593922,1.15404347219872
"XM_016853801.2",5.15307729415658e-05,0.0420594334163388,16.3909466069584,21.5461997395942,1,3.89504175427443,4.30923994791884,0.0721921743464324,4.23704777357241,0.633748128593962,4.23704777357241
"XM_016854357.2",5.92573576489916e-05,0.0420594334163388,16.1262380879994,2.83747668978823,1,7.66009964577998,0.567495337957645,0.000619414896176337,0.566875923061469,0.0927626427260788,0.566875923061469
"XM_016856025.2",4.50604343663115e-05,0.0420594334163388,16.6453585529325,84.0342978081969,1,2.98848770488096,16.8068595616394,0.275890880503559,16.5309686811358,2.03597259624463,16.5309686811358
"XM_016857076.2",4.91482262404591e-05,0.0420594334163388,16.4806848915324,3.56653590834868,1,5.85676951854771,0.713307181669735,0.0253730115668611,0.687934170102874,0.0870173305182555,0.687934170102874
"XM_016857957.2",4.13765712280822e-05,0.0420594334163388,16.8071746376693,8.7708624812944,1,5.53289191418992,1.75417249625888,0.00900471984162478,1.74516777641725,0.101105248692662,1.74516777641725
"XM_016860686.2",7.78944788183391e-05,0.0420594334163388,15.6087215075152,4.27413939298781,1,6.52072383092818,0.85482787859756,0.00197803340246555,0.852849845195096,0.0749122311795849,0.852849845195096
"XM_016861472.2",7.93368500348538e-05,0.0420594334163388,15.574029679811,6.87116458396681,1,5.13716345946631,1.37423291679336,0.00741865067870815,1.36681426611465,0.134854044681869,1.36681426611465
"XM_016861474.2",8.21484392850436e-05,0.0420594334163388,15.5081927025741,2.09322707394849,1,5.95697490360929,0.418645414789696,0.00323768458353844,0.415407730206159,0.0840835617018877,0.415407730206159
"XM_016862857.2",4.34845664147635e-05,0.0420594334163388,16.7128888624829,4.83427770159094,1,6.04116079997324,0.966855540318186,0.00266559603220075,0.964189944285986,0.0819453366416386,0.964189944285986
"XM_016862869.2",7.20518766979667e-05,0.0420594334163388,15.7561878513006,4.85221879471081,1,5.01894968206063,0.970443758942161,0.0249209055562203,0.945522853385942,0.149053544535615,0.945522853385942
"XM_016866580.2",7.03904669971514e-05,0.0420594334163388,15.8003236345018,4.77222744862752,1,5.6528647456402,0.954445489725505,0.00483175670568761,0.949613733019816,0.0948576462650934,0.949613733019816
"XM_016866858.2",6.5681398193072e-05,0.0420594334163388,15.9313600235857,2.02508415646296,1,6.28828110887603,0.405016831292591,0.00231884341512146,0.40269798787747,0.0772393309743772,0.40269798787747
"XM_016869168.2",4.78423389468789e-05,0.0420594334163388,16.5317453964002,8.3774651199259,1,4.64556180828517,1.67549302398518,0.0163128780426839,1.6591801459425,0.216708059809685,1.6591801459425
"XM_016872116.2",7.2138640345327e-05,0.0420594334163388,15.7539111653584,4.45533556728566,1,5.2103540621069,0.891067113457133,0.0133245628143609,0.877742550642771,0.127088278877669,0.877742550642771
"XM_016872252.2",5.31241820467142e-05,0.0420594334163388,16.3332298621381,6.95334288491406,1,5.40253766990661,1.39066857698281,0.00614596948939632,1.38452260749342,0.109787407264013,1.38452260749342
"XM_016872685.2",4.41009646822018e-05,0.0420594334163388,16.6861859647894,6.58583896714497,1,4.95225810285384,1.31716779342899,0.0246394337640893,1.2925283596649,0.158207763407819,1.2925283596649
"XM_016873511.2",4.45184339825538e-05,0.0420594334163388,16.6683131159562,4.88262114628961,1,6.34204033517678,0.976524229257922,0.0397698007652188,0.936754428492703,0.0765264427775949,0.936754428492703
"XM_016873600.2",4.80375721672104e-05,0.0420594334163388,16.5240232779003,2.46865479881684,1,6.1602380949843,0.49373095976337,0.00278124062625237,0.490949719137116,0.079377114510148,0.490949719137116
"XM_016874369.2",8.5821938395996e-05,0.0420594334163388,15.4255090782523,6.24403992871534,1,5.03488298474717,1.24880798574307,0.0119097258167404,1.23689825992633,0.146999672362705,1.23689825992633
"XM_016874895.2",5.86174626638608e-05,0.0420594334163388,16.1468018323617,5.82594021624659,1,4.9128486963145,1.16518804324932,0.0137557735736196,1.1514322696757,0.164087329564466,1.1514322696757
"XM_016875006.2",6.55190598960574e-05,0.0420594334163388,15.9360441499196,11.4776951343176,1,6.89584324970494,2.29553902686352,0.00204295938656824,2.29349606747696,0.0751972242268117,2.29349606747696
"XM_016875218.2",8.41115371740367e-05,0.0420594334163388,15.463554755787,2.69481097285282,1,5.90820928644626,0.538962194570565,0.00390493560605381,0.535057258964511,0.0854513022524504,0.535057258964511
"XM_016876629.2",5.39619946903668e-05,0.0420594334163388,16.3035769437493,4.42836460468753,1,6.64417957684716,0.885672920937506,0.00216623265628282,0.883506688281223,0.0744591515759351,0.883506688281223
"XM_016877805.2",6.21419945249887e-05,0.0420594334163388,16.0362273273301,2.47719166549835,1,5.73688595229142,0.495438333099669,0.00396513938928117,0.491473193710388,0.0912656645023338,0.491473193710388
"XM_016882934.2",8.02217701411249e-05,0.0420594334163388,15.553058318877,2.4149475215453,1,7.04981069249155,0.482989504309059,0.0072594362000678,0.475730068108992,0.0767755607385137,0.475730068108992
"XM_016885484.2",7.25415882250645e-05,0.0420594334163388,15.7433737510214,60.8803863157427,1,3.53775578579736,12.1760772631485,0.0956547953306735,12.0804224678179,1.06248559818055,12.0804224678179
"XM_016889341.2",8.52512544475544e-05,0.0420594334163388,15.4381177389052,7.34674383129995,1,5.16418738693787,1.46934876625999,0.00796186979847574,1.46138689646151,0.131907659344222,1.46138689646151
"XM_016889380.2",6.72988369872878e-05,0.0420594334163388,15.885316238372,3.68095537273041,1,7.52084586355338,0.73619107454608,0.000650915210183908,0.735540159335897,0.0875641745554904,0.735540159335897
"XM_016889697.2",6.38105029625913e-05,0.0420594334163388,15.986063273186,16.5200540041351,1,4.94294126347881,3.30401080082702,0.0207433893021643,3.28326741152485,0.159564168252216,3.28326741152485
"XM_016889900.2",6.38906340237474e-05,0.0420594334163388,15.9836874341907,5.40710987084463,1,7.95445023845552,1.08142197416892,0.000551775367689567,1.08087019880124,0.107561808964747,1.08087019880124
"XM_016891477.2",6.3295647359738e-05,0.0420594334163388,16.0014003930878,3.88776918132943,1,5.33149087896305,0.777553836265885,0.0122670275517916,0.765286808714095,0.115554895630062,0.765286808714095
"XM_016895196.2",7.05407918458885e-05,0.0420594334163388,15.7962873262467,3.16229229967823,1,5.56832164438913,0.632458459935646,0.00466318277695633,0.627795277158689,0.0991060957913764,0.627795277158689
"XM_016896620.2",7.25528390121168e-05,0.0420594334163388,15.743080379442,9.66606123474975,1,5.83875384064914,1.93321224694995,0.019748142047224,1.91346410490273,0.0875991253890228,1.91346410490273
"XM_041075184.1",5.70261330010372e-05,0.0420594334163388,16.1989361323917,4.85704408419799,1,6.18802224447175,0.971408816839598,0.00303914160740674,0.968369675232191,0.0788595293174948,0.968369675232191
"XM_041076916.1",4.67993219808128e-05,0.0420594334163388,16.5735445266692,5.09636986042385,1,5.63987882693804,1.01927397208477,0.0053612789504087,1.01391269313436,0.0954659266199804,1.01391269313436
"XM_041081531.1",4.38230169927169e-05,0.0420594334163388,16.6981801384071,6.16379413817775,1,6.33404172101788,1.23275882763555,0.00249004316760478,1.23026878446794,0.0766257388214967,1.23026878446794
"XM_041082196.1",7.41645515356716e-05,0.0420594334163388,15.7015198809682,6.60854719880723,1,4.75156551129125,1.32170943976144,0.0132413741376784,1.30846806562377,0.192724052108943,1.30846806562377
"XM_041086658.1",8.03235235369791e-05,0.0420594334163388,15.550661840611,2.82954959984191,1,5.48323682579159,0.565909919968382,0.00472257483541479,0.561187345132968,0.104151843471682,0.561187345132968
"XM_041090254.1",5.35566358437544e-05,0.0420594334163388,16.3178656614081,2.60078867506442,1,6.13520038933852,0.520157735012883,0.00262921384612985,0.517528521166754,0.0798696100661092,0.517528521166754
"XM_041095324.1",4.88094845048573e-05,0.0420594334163388,16.4937975484871,1.95197760522213,1,6.5525251685036,0.390395521044426,0.00176498965442512,0.38863053139,0.0747442678692296,0.38863053139
"XM_041095974.1",6.60852131454858e-05,0.0420594334163388,15.9197586275418,3.28152025182111,1,6.03931656556389,0.656304050364224,0.00413265328208204,0.652171397082141,0.0819895639515975,0.652171397082141
"XM_041097726.1",7.98270550107041e-05,0.0420594334163388,15.5623836107049,1.96734501513885,1,5.85139830583918,0.39346900302777,0.00342551917805415,0.390043483849716,0.0871888870005356,0.390043483849716
"XM_041102733.1",7.33113678175326e-05,0.0420594334163388,15.7234060697672,3.71021526631871,1,6.36678830062594,0.742043053263741,0.00221504996943555,0.739828003294306,0.0762340877055233,0.739828003294306
"XM_041103154.1",8.61595365793209e-05,0.0420594334163388,15.4180898542925,3.23280125277804,1,5.70364155678752,0.64656025055561,0.00427096232731176,0.642289288228297,0.0926190229121984,0.642289288228297
"XM_041106318.1",8.18709255316777e-05,0.0420594334163388,15.5145893936457,16.5845795742004,1,5.24339564821616,3.31691591484008,0.0124547174757967,3.30446119736428,0.123788026527847,3.30446119736428
"XM_041108749.1",8.1516828480354e-05,0.0420594334163388,15.522783078827,4.50322314658198,1,7.25727272551218,0.900644629316395,0.00450608245821304,0.896138546858183,0.0803488076080199,0.896138546858183
"XM_041113383.1",7.2357560232843e-05,0.0420594334163388,15.7481789085382,83.8087640218182,1,2.92993446491,16.7617528043636,0.00132152774096138,16.7604312766227,2.1317175275488,16.7604312766227
"XM_041113598.1",5.10918215048975e-05,0.0420594334163388,16.4071618642346,5.96840831694017,1,5.89984151621002,1.19368166338803,0.00396362016195504,1.18971804322608,0.0856969651832272,1.18971804322608
"XM_041116310.1",4.72952733825063e-05,0.0420594334163388,16.5535536108585,7.97597308129912,1,6.10352211435634,1.59519461625982,0.00406298689828693,1.59113162936154,0.0805286251366363,1.59113162936154
"XM_041117989.1",6.56312171298035e-05,0.0420594334163388,15.9328067087016,69.5063170322569,1,2.68336202275273,13.9012634064514,0.0222767601862766,13.8789866462651,2.53443830929532,13.8789866462651
"XR_001682799.2",7.52202341865578e-05,0.0420594334163388,15.6747870599694,7.04723139845491,1,5.52739893006294,1.40944627969098,0.0533701182494351,1.35607616144155,0.101427816990383,1.35607616144155
"XR_005920421.1",8.64923274943736e-05,0.0420594334163388,15.4108048499589,3.39490751177715,1,6.03654441034146,0.678981502355431,0.00408129918699236,0.674900203168438,0.0820562440575525,0.674900203168438
"XR_005920880.1",8.04504558557056e-05,0.0420594334163388,15.5476766305576,5.37341575769717,1,6.01526100075858,1.07468315153944,0.00573811213967235,1.06894503939976,0.0825764460353064,1.06894503939976
"XM_016810722.2",8.75408338185294e-05,0.0422117630388372,15.3880354236882,2.49790243232408,1,6.89236994234278,0.499580486464815,0.00143568283703957,0.498144803627777,0.0751716783222071,0.498144803627777
"XM_016829878.2",8.96881119480747e-05,0.0422552088774529,15.3422492912488,8.2572136156875,1,5.05376331428975,1.6514427231375,0.11427398306174,1.53716874007576,0.144626670257104,1.53716874007576
"XM_016831808.2",8.97682737912504e-05,0.0422552088774529,15.3405614405256,5.64799382297415,1,7.49702562464654,1.12959876459483,0.000808337906181466,1.12879042668865,0.0867767055233055,1.12879042668865
"XM_016832590.2",8.89368236182989e-05,0.0422552088774529,15.3581422549091,3.98893498382474,1,5.50719008539841,0.797786996764947,0.00555138782421002,0.792235608940738,0.102644987295812,0.792235608940738
"XM_016891313.2",8.97015796593888e-05,0.0422552088774529,15.3419656152803,5.23335205271897,1,6.46356546407052,1.04667041054379,0.00536786105529556,1.0413025494885,0.0753040986572437,1.0413025494885
"NM_001327007.1",9.50298899842514e-05,0.042396617786396,15.2329680037475,1.98051342594256,1,7.20218353469878,0.396102685188513,0.000915644006394615,0.395187041182118,0.0792303098838287,0.395187041182118
"XM_016818617.2",9.71365254126082e-05,0.042396617786396,15.1915614870757,3.07586020805858,1,5.74126051784796,0.615172041611714,0.0272687604072918,0.587903281204423,0.0910937652239534,0.587903281204423
"XM_016822281.2",9.36742435183599e-05,0.042396617786396,15.2601049829197,5.36569189715184,1,4.71314692771256,1.07313837943037,0.0155111317456795,1.05762724768469,0.200864472165531,1.05762724768469
"XM_016834008.2",9.29909975579263e-05,0.042396617786396,15.273932178216,5.17192713093388,1,5.50274204670435,1.03438542618677,0.00600013732173744,1.02838528886504,0.102919452866386,1.02838528886504
"XM_016841508.2",9.75744111927678e-05,0.042396617786396,15.183068227062,7.55133616157336,1,5.55139461519592,1.51026723231467,0.00568257603751739,1.50458465627715,0.100043925701087,1.50458465627715
"XM_016866590.2",9.18519211120132e-05,0.042396617786396,15.2972131329698,3.14175821797101,1,5.08850422438141,0.628351643594202,0.0087813553349508,0.619570288259251,0.140422019893568,0.619570288259251
"XM_016875327.2",9.30096325613956e-05,0.042396617786396,15.2735536979085,10.7454663902938,1,6.49753972541852,2.14909327805875,0.0026837523058659,2.14640952575289,0.075057202793522,2.14640952575289
"XM_016876709.2",9.73078293375788e-05,0.042396617786396,15.1882342861039,3.11662169148627,1,8.21889890511051,0.623324338297255,0.000372956404123391,0.62295138189313,0.126327617594654,0.62295138189313
"XM_016876742.2",9.56754867326151e-05,0.042396617786396,15.2201812530007,4.00148333927993,1,6.0470455783617,0.800296667855985,0.00321912296339152,0.797077544892594,0.0818049143108044,0.797077544892594
"XM_016900268.2",9.68506203768451e-05,0.042396617786396,15.1971277353695,4.46189860061657,1,6.17238958672796,0.892379720123313,0.0579269425881488,0.834452777535165,0.0791470233120925,0.834452777535165
"XM_041090449.1",9.18954635474408e-05,0.042396617786396,15.2963178653552,63.1668939927143,1,2.5473155235295,12.6333787985429,0.0381070707504645,12.5952717277924,2.74123334283677,12.5952717277924
"XM_041094394.1",9.189792730753e-05,0.042396617786396,15.2962672212196,12.6538528132162,1,5.00223146169872,2.53077056264324,0.25514696065431,2.27562360198894,0.151261405858086,2.27562360198894
"XM_041109728.1",9.50636133362484e-05,0.042396617786396,15.2322979149217,10.6787720274239,1,4.59601543074913,2.13575440548477,0.0310402539591353,2.10471415152564,0.229830536514749,2.10471415152564
"XR_001688195.2",9.60054931707792e-05,0.042396617786396,15.2136786086972,1.99248839633907,1,5.76989860914582,0.398497679267814,0.0035355812669091,0.394962098000904,0.0900021981218941,0.394962098000904
"XM_016873279.2",9.82493112868724e-05,0.0424565876315075,15.1700526493458,21.1482804677103,1,5.28837346055,4.22965609354206,0.0219104741609848,4.20774561938108,0.119470792920318,4.20774561938108
"XM_016880750.2",9.94620837079671e-05,0.0427470738023154,15.146888613136,4.08476031695909,1,7.42353617718795,0.816952063391817,0.000835179489095934,0.816116883902722,0.0845234444114312,0.816116883902722
"XM_041117125.1",0.000100923591965068,0.0431407440680952,15.1193484548849,2.88445269972761,1,5.26303140680761,0.576890539945521,0.00617398688376261,0.570716553061759,0.121879828702036,0.570716553061759
"XM_016825001.2",0.000101854699246407,0.0433046753570208,15.1020115099179,1.40424005346493,1,6.8350824866851,0.280848010692985,0.00128924973329136,0.279558760959694,0.0748130684321819,0.279558760959694
"NM_001326844.1",0.000103523664950828,0.0436613388346412,15.071331305089,63.8900268628072,1,2.54426832774797,12.7780053725614,0.00153971087316211,12.7764656616883,2.74561851681412,12.7764656616883
"XM_016855506.2",0.000103797821205267,0.0436613388346412,15.0663391990154,2.53687298162901,1,5.88004046051986,0.507374596325801,0.00334728562597474,0.504027310699827,0.0862920490936064,0.504027310699827
"NM_001327448.1",0.000112797895946437,0.0439085803186091,14.9094272689537,4.63323060397638,1,4.76760901507841,0.926646120795278,0.013707061515145,0.912939059280132,0.189492815826959,0.912939059280132
"XM_016816394.2",0.000114931230293068,0.0439085803186091,14.8740830118294,18.0866825983023,1,4.62234787642182,3.61733651966046,0.0247348790295078,3.59260164063096,0.222648161087548,3.59260164063096
"XM_016819140.2",0.00010775963869365,0.0439085803186091,14.9956438833459,3.15902036337377,1,6.1326494465759,0.631804072674753,0.0241679797969707,0.607636092877784,0.0799211870386787,0.607636092877784
"XM_016829117.2",0.000108833953678796,0.0439085803186091,14.9769242659121,2.89193898896682,1,5.20049164187873,0.578387797793366,0.0081663048635228,0.570221492929842,0.128096540581378,0.570221492929842
"XM_016830904.2",0.000110474399922444,0.0439085803186091,14.9486957985575,1.77525799777211,1,7.53015125588299,0.355051599554422,0.00070835409859343,0.35434324545583,0.0878796009515399,0.35434324545583
"XM_016842424.2",0.000112709178670599,0.0439085803186091,14.9109116369051,2.25623556511712,1,6.25830812348296,0.451247113023424,0.00253241258277856,0.448714700440645,0.0776836275314502,0.448714700440645
"XM_016847636.2",0.000105574672222938,0.0439085803186091,15.0343027637409,7.11540040202047,1,6.23252827090198,1.42308008040409,0.00303055832983722,1.42004952207426,0.0780929462225207,1.42004952207426
"XM_016854236.2",0.000109149829602255,0.0439085803186091,14.9714555923406,2.24762620872488,1,5.77833536356616,0.449525241744976,0.00370106779743122,0.445824173947544,0.0896914405924261,0.445824173947544
"XM_016860630.2",0.000110958403102795,0.0439085803186091,14.9404477338356,6.64894999829295,1,6.32293013257976,1.32978999965859,0.00261305197382046,1.32717694768477,0.076767593589573,1.32717694768477
"XM_016861968.2",0.000113838440694795,0.0439085803186091,14.8921046460929,2.30954911984542,1,5.51041899522993,0.461909823969084,0.0115096114334504,0.450400212535634,0.102447248524468,0.450400212535634
"XM_016867064.2",0.000109304648415572,0.0439085803186091,14.9687810705518,1.88311911255316,1,7.078184108957,0.376623822510632,0.0036969690949392,0.372926853415692,0.0771636501645816,0.372926853415692
"XM_016868440.2",0.000114202572921195,0.0439085803186091,14.8860803219795,1.86695581338933,1,5.86119873423443,0.373391162677865,0.00338398920298035,0.370007173474886,0.0868770526057577,0.370007173474886
"XM_016880578.2",0.000106826841904798,0.0439085803186091,15.0120505715994,4.03358196047113,1,5.42606270263479,0.806716392094226,0.00513974990655591,0.801576642187671,0.108050464205245,0.801576642187671
"XM_016885115.2",0.000114041823751632,0.0439085803186091,14.8887374223203,8.1149709364783,1,5.98229442604771,1.62299418729566,0.00432772873593041,1.61866645855973,0.0834130972173146,1.61866645855973
"XM_016890399.2",0.000112802774820652,0.0439085803186091,14.9093456724448,2.98906425854332,1,8.13087490982067,0.597812851708665,0.000410868866413205,0.597401982842251,0.11941572952528,0.597401982842251
"XM_016893466.2",0.000114935206448559,0.0439085803186091,14.8740177548571,1.41372357214485,1,6.69787050841451,0.282744714428971,0.00146776484214259,0.281276949586828,0.0744290000966729,0.281276949586828
"XM_041095871.1",0.000107953525417181,0.0439085803186091,14.9922516140053,8.68340460758295,1,6.14518307654412,1.73668092151659,0.0270726709848326,1.70960825053176,0.079670266344822,1.70960825053176
"XR_001693717.2",0.000111332894218689,0.0439085803186091,14.9340907128186,2.26438546605856,1,6.25425751447144,0.452877093211713,0.00232227594574395,0.450554817265968,0.0777462694013943,0.450554817265968
"XR_005919457.1",0.000106343995986594,0.0439085803186091,15.0205999305224,19.0421884282343,1,7.27287928968607,3.80843768564685,0.533075387242512,3.27536229840434,0.0806888859097142,3.27536229840434
"XM_041092788.1",0.000117582804597498,0.0447040778248565,14.8310620506775,12.4422679220322,1,5.58384208448106,2.48845358440644,0.008122015145539,2.4803315692609,0.0982730239962802,2.4803315692609
"XR_001692249.2",0.000118188226656548,0.0447192582009561,14.8213762511156,4.50983057010663,1,5.93809157331214,0.901966114021326,0.0110206890413369,0.89094542497999,0.084600714117692,0.89094542497999
"XM_016886557.2",0.000118855836719636,0.0447577122275659,14.8107532741225,15.4274392643064,1,5.07188516571418,3.08548785286128,0.0143642389561967,3.07112361390508,0.142408112630711,3.07112361390508
"NM_001326948.1",0.000119480698404107,0.0447797802360036,14.8008647842363,1.39307480364673,1,7.45339243920634,0.278614960729346,0.000765787634725703,0.27784917309462,0.0854073008845908,0.27784917309462
"NM_001326861.1",0.000146361988817898,0.0448687460128627,14.4184412500661,10.6577505308512,1,4.14892294449046,2.13155010617025,0.0557760583732512,2.075774047797,0.441562962553077,2.075774047797
"NM_001327656.1",0.000125948349476073,0.0448687460128627,14.7014677601576,17.2162957367975,1,6.70797438133029,3.4432591473595,0.00286766717959417,3.44039148017991,0.0744346344792767,3.44039148017991
"NM_001327722.1",0.000138032908971919,0.0448687460128627,14.5288031587427,31.0832870767916,1,4.85789009272376,6.21665741535832,0.0432641984137132,6.17339321694461,0.172954775861537,6.17339321694461
"XM_016810684.2",0.00012452560848484,0.0448687460128627,14.7228848444193,5.83120736606888,1,6.95718187131147,1.16624147321377,0.00115626897637948,1.1650852042374,0.0757207820622019,1.1650852042374
"XM_016819572.2",0.000140400117363525,0.0448687460128627,14.4967693944208,13.2123938834757,1,5.84947165635517,2.64247877669513,0.00601308188029467,2.63646569481484,0.0872508139647936,2.63646569481484
"XM_016828802.2",0.000144979155316781,0.0448687460128627,14.4363191996452,13.5574690194319,1,4.74732492748037,2.71149380388637,0.0227171722647092,2.68877663162166,0.19359422560533,2.68877663162166
"XM_016830484.2",0.000126310383333324,0.0448687460128627,14.6960567914051,18.6846642845896,1,5.02297239014427,3.73693285691793,0.024400744855684,3.71253211206224,0.148530449144946,3.71253211206224
"XM_016832456.2",0.000138222235864865,0.0448687460128627,14.5262208570549,8.40867982115436,1,5.9655633687161,1.68173596423087,0.00404694514970574,1.67768901908117,0.0838532744855806,1.67768901908117
"XM_016834220.2",0.000134833053849545,0.0448687460128627,14.5729950495577,9.06750342213619,1,6.85819480902973,1.81350068442724,0.00180679366776229,1.81169389075948,0.0749435541518928,1.81169389075948
"XM_016834839.2",0.00013492905266687,0.0448687460128627,14.5716539522706,2.05433978721724,1,5.97289326749235,0.410867957443448,0.00449615974149953,0.406371797701948,0.0836590820585978,0.406371797701948
"XM_016838075.2",0.000140456688082404,0.0448687460128627,14.4960105327026,58.5995024642907,1,2.42867580305039,11.7199004928581,0.0406836256691684,11.679216867189,2.90114402998075,11.679216867189
"XM_016845737.2",0.00014380621333258,0.0448687460128627,14.4516186743886,6.77905225855062,1,6.9227424645352,1.35581045171012,0.00157724022666662,1.35423321148346,0.0754098997079517,1.35423321148346
"XM_016845762.2",0.000126386947600422,0.0448687460128627,14.6949144598169,9.00978362060462,1,5.71260671890107,1.80195672412092,0.00541431826439702,1.79654240585653,0.0922456940095237,1.79654240585653
"XM_016846342.2",0.000125649593284625,0.0448687460128627,14.7059447839491,11.2246507421534,1,4.63312810116007,2.24493014843069,0.0203671007801819,2.22456304765051,0.219855372355211,2.22456304765051
"XM_016847660.2",0.000136942088944537,0.0448687460128627,14.5437510847877,3.71303039330885,1,5.13199669623651,0.74260607866177,0.00717381671636739,0.735432261945402,0.135428743982165,0.735432261945402
"XM_016852194.2",0.000125359939589756,0.0448687460128627,14.7102956450422,3.48480452460485,1,5.22695892338755,0.69696090492097,0.0389195526983385,0.658041352222632,0.125415212205904,0.658041352222632
"XM_016855987.2",0.000143783043605367,0.0448687460128627,14.4519221567494,4.46306315228829,1,4.84985900574413,0.892612630457658,0.0105218086173722,0.882090821840287,0.174321501129421,0.882090821840287
"XM_016856699.2",0.000120865204657734,0.0448687460128627,14.779139041792,4.82143424061273,1,4.81074117896336,0.964286848122547,0.0125085165590213,0.951778331563525,0.181259787068288,0.951778331563525
"XM_016858386.2",0.000139370953472176,0.0448687460128627,14.5106290082794,8.47953122641072,1,4.47181978722501,1.69590624528214,0.0278898086049353,1.66801643667721,0.271244046291562,1.66801643667721
"XM_016860485.2",0.000131390963010713,0.0448687460128627,14.6217269940333,2.66731784305469,1,5.50837454219774,0.533463568610939,0.00648633052697673,0.526977238083962,0.102572305014286,0.526977238083962
"XM_016862459.2",0.000130525681474146,0.0448687460128627,14.6341795366916,2.45801713678656,1,6.45384846227166,0.491603427357313,0.00162384945660318,0.489979577900709,0.0753822738987476,0.489979577900709
"XM_016864607.2",0.000128193756554779,0.0448687460128627,14.6681573498394,3.07814326732416,1,5.2615877936622,0.615628653464833,0.00650741580810186,0.60912123765673,0.122018844624883,0.60912123765673
"XM_016865073.2",0.0001347185059539,0.0448687460128627,14.5745965347315,3.23043777690716,1,5.08863216611021,0.646087555381433,0.00824889797964624,0.637838657401786,0.140406904241696,0.637838657401786
"XM_016867232.2",0.000130498298505193,0.0448687460128627,14.6345749690765,17.0550054501176,1,4.95201838520102,3.41100109002352,0.0203575653108728,3.39064352471265,0.158242410883471,3.39064352471265
"XM_016867983.2",0.000128851859094711,0.0448687460128627,14.6585057051067,60.2696323595532,1,2.4680730452051,12.0539264719106,0.0571585553156593,11.996767916595,2.85070351494834,11.996767916595
"XM_016869453.2",0.00014593961102759,0.0448687460128627,14.4238838529685,9.19906142803932,1,6.10185228266186,1.83981228560787,0.00498987076115343,1.83482241484671,0.0805644866197453,1.83482241484671
"XM_016871271.2",0.000125363016706948,0.0448687460128627,14.710249370789,61.941068908352,1,5.35679917388853,12.3882137816704,0.0660803312203525,12.32213345045,0.113406156126909,12.32213345045
"XM_016871706.2",0.000138931274796936,0.0448687460128627,14.5165815458875,4.54432784266483,1,5.12515576539803,0.908865568532965,0.0200174974901467,0.888848071042819,0.136195492196604,0.888848071042819
"XM_016874275.2",0.00014138796246963,0.0448687460128627,14.4835620937059,1.9339933519754,1,5.59092564731166,0.386798670395079,0.00428692688459564,0.382511743510484,0.0979011028234385,0.382511743510484
"XM_016879159.2",0.000142509563633661,0.0448687460128627,14.4686786673152,3.49051904325666,1,5.50452941394971,0.698103808651331,0.00581973651539638,0.692284072135936,0.10280887456118,0.692284072135936
"XM_016880517.2",0.000129649273491837,0.0448687460128627,14.6468772096444,11.254607708806,1,4.58821828852935,2.25092154176121,0.144369569936947,2.10655197182426,0.232061810975443,2.10655197182426
"XM_016884858.2",0.000143754272499813,0.0448687460128627,14.4522990757827,1.9722860974219,1,6.06396627136426,0.394457219484379,0.00268433120518944,0.39177288827919,0.0814087313625102,0.39177288827919
"XM_016886345.2",0.000145740100800857,0.0448687460128627,14.4264601851969,6.92619599788492,1,6.84544492749977,1.38523919957698,0.001603290978864,1.38363590859812,0.0748692060337002,1.38363590859812
"XM_016887869.2",0.000131299104893723,0.0448687460128627,14.6230450303129,68.2836403033544,1,2.6282614744543,13.6567280606709,0.266606610769905,13.390121449901,2.62049219208467,13.390121449901
"XM_016890849.2",0.000140705601772923,0.0448687460128627,14.4926751591295,19.1386906465427,1,6.30046519449141,3.82773812930854,0.00670254594653333,3.82103558336201,0.0770683543981453,3.82103558336201
"XM_016891435.2",0.000125210005843737,0.0448687460128627,14.7125517625675,2.58023798458146,1,5.59190343251311,0.516047596916291,0.00427869427689931,0.511768902639392,0.0978501659453028,0.511768902639392
"XM_016894415.2",0.000138014777172712,0.0448687460128627,14.5290506523558,5.39270220657947,1,5.38589883254755,1.07854044131589,0.0083677623628874,1.07017267895301,0.111065878369379,1.07017267895301
"XM_016899398.2",0.0001445622003106,0.0448687460128627,14.4417435011667,3.71094521742168,1,4.87735638232808,0.742189043484338,0.01013323018207,0.732055813302267,0.169719265347285,0.732055813302267
"XM_041074366.1",0.000126899262738255,0.0448687460128627,14.6872886464991,1.34696589063926,1,6.77331222588782,0.269393178127851,0.00119555553487746,0.268197622592974,0.0745577869013836,0.268197622592974
"XM_041078527.1",0.000139064256437757,0.0448687460128627,14.5147791912622,55.8809980525069,1,5.51554388031595,11.1761996105014,0.0383499043062749,11.1378497061951,0.10213596888387,11.1378497061951
"XM_041080098.1",0.000136770544008199,0.0448687460128627,14.5461127345348,64.0073663248255,1,2.52303791434856,12.8014732649651,0.0241764759922211,12.7772967889729,2.77580448528674,12.7772967889729
"XM_041091430.1",0.000130694755499433,0.0448687460128627,14.6317398182756,5.53129416608886,1,6.02219474181692,1.10625883321777,0.00316230509338331,1.10309652812439,0.0824053347702873,1.10309652812439
"XM_041095733.1",0.000145516420700138,0.0448687460128627,14.4293528558775,4.30684716911731,1,5.15390801154914,0.86136943382346,0.00993063117397799,0.851438802649483,0.133016884795654,0.851438802649483
"XM_041105274.1",0.000135502402737783,0.0448687460128627,14.5636642363761,62.1000343806001,1,2.50180498992645,12.42000687612,0.115329384153242,12.3046774919668,2.80531928004604,12.3046774919668
"XM_041109432.1",0.00014638513494333,0.0448687460128627,14.4181434549622,1.56789249408163,1,6.23047312555913,0.313578498816326,0.00207300132668856,0.311505497489637,0.0781266665114949,0.311505497489637
"XM_041110677.1",0.00012332032787416,0.0448687460128627,14.7412220332045,11.0053506583887,1,5.22240000529163,2.20107013167774,0.0156837681191644,2.18538636355857,0.125871566736049,2.18538636355857
"XM_041111424.1",0.000142278815288189,0.0448687460128627,14.4717309930305,5.78778286693609,1,5.84903289863124,1.15755657338722,0.003944975794284,1.15361159759293,0.0872649456169801,1.15361159759293
"XM_016813917.2",0.000148827487291075,0.0454259417911937,14.3869839848622,7.53114219597865,1,6.64202850434159,1.50622843919573,0.00211637031733919,1.50411206887839,0.0744624656046251,1.50411206887839
"XR_005904811.1",0.000149351857178937,0.0454259417911937,14.3803612530549,4.8139282284008,1,5.24956999143803,0.962785645680159,0.0161683005105491,0.946617345169611,0.123183920241606,0.946617345169611
"XM_016834823.2",0.000150822541368942,0.0456974964423598,14.3619108577498,10.1246016077765,1,4.53008701646669,2.02492032155531,0.109149775539528,1.91577054601578,0.250234104799596,1.91577054601578
"XM_016826307.2",0.000153177354620396,0.0459744211758333,14.3327426411036,13.5321028885787,1,3.90520587891562,2.70642057771574,0.0565468259658921,2.64987375174985,0.625399736451086,2.64987375174985
"XM_016881261.2",0.000153480616975468,0.0459744211758333,14.3290191008812,2.02170181280463,1,6.9378089891324,0.404340362560925,0.000984347155689442,0.403356015405236,0.0755405500310264,0.403356015405236
"XM_016896474.2",0.000153137355364255,0.0459744211758333,14.3332343172359,2.30214701365358,1,5.81346355843553,0.460429402730716,0.00387603875260148,0.456553363978115,0.0884475076475002,0.456553363978115
"XM_016879975.2",0.000154800821898828,0.0461949018707899,14.312895120132,10.3291383736919,1,5.64580252498288,2.06582767473838,0.201141314955079,1.86468635978331,0.095186567342452,1.86468635978331
"XM_016836005.2",0.000157253596689836,0.0463613755871807,14.283303076693,1.39814818242392,1,6.15141860782677,0.279629636484783,0.00212795665748268,0.277501679827301,0.0795477592266465,0.277501679827301
"XM_016878675.2",0.00015770371817086,0.0463613755871807,14.277922997507,9.3901478637811,1,4.79794549975737,1.87802957275622,0.0144308910777135,1.86359868167851,0.18363573668217,1.86359868167851
"XM_041079808.1",0.000157348612141708,0.0463613755871807,14.2821661138829,6.60038044477201,1,4.96582971876806,1.3200760889544,0.0642557726479917,1.25582031630641,0.15626749800975,1.25582031630641
"XM_041095788.1",0.000155967877981215,0.0463613755871807,14.2987564785679,1.66521860764083,1,6.67677868165281,0.333043721528166,0.00150988576362597,0.33153383576454,0.0744287867056627,0.33153383576454
"XM_016832150.2",0.000160346687849603,0.0465639123152094,14.246641555708,57.8071894686075,1,2.40719828908753,11.5614378937215,0.0832249482152138,11.4782129455063,2.92737315986428,11.4782129455063
"XM_016861390.2",0.000161039788534377,0.0465639123152094,14.2385241385675,5.70880774297025,1,4.86011348035134,1.14176154859405,0.0119014634549797,1.12986008513907,0.172579738490301,1.12986008513907
"XM_016863780.2",0.000162168716759379,0.0465639123152094,14.2253774484273,8.81778592662281,1,4.49344446940027,1.76355718532456,0.0185387288029731,1.74501845652159,0.263113529288901,1.74501845652159
"XM_016874411.2",0.000160761536115623,0.0465639123152094,14.2417787243651,56.7475463119471,1,2.37943065936682,11.3495092623894,0.0145742247971485,11.3349350375923,2.95985476598429,11.3349350375923
"XM_041085688.1",0.000162514413239729,0.0465639123152094,14.2213701425199,3.58732900616059,1,5.08196228933319,0.717465801232118,0.00903549528201117,0.708430305950106,0.141198431696064,0.708430305950106
"XM_041106871.1",0.000160578651998045,0.0465639123152094,14.2439209237561,56.3568438648913,1,2.66351438091588,11.2713687729783,0.0728564273101283,11.1985123456681,2.56573331986572,11.1985123456681
"XM_041116715.1",0.000162234815380781,0.0465639123152094,14.224610569895,4.49460200791954,1,4.75393393974259,0.898920401583909,0.0196214689719948,0.879298932611914,0.192241009712211,0.879298932611914
"XM_041114083.1",0.000163998446818209,0.0468194843840578,14.2042642296662,4.16269902716683,1,6.63622354137488,0.832539805433365,0.00206338268441549,0.83047642274895,0.07447221853412,0.83047642274895
"XM_016833579.2",0.000165700045990054,0.0468261703024288,14.1848413304378,2.09292420241596,1,6.36034517296063,0.418584840483193,0.0028631699312708,0.415721670551922,0.0763080438806765,0.415721670551922
"XM_016836769.2",0.000165798276235206,0.0468261703024288,14.1837262223951,1.33927913543095,1,7.57358649290344,0.267855827086189,0.000509056355868614,0.267346770730321,0.0894110691463723,0.267346770730321
"XM_016849353.2",0.000165415470945053,0.0468261703024288,14.1880755835208,2.56375694902178,1,5.68839096720779,0.512751389804356,0.0108121325446082,0.501939257259748,0.0932688071985252,0.501939257259748
"XM_016859551.2",0.000168010852338434,0.0469764992336209,14.1587838369977,1.91882520084265,1,5.83681385310546,0.383765040168531,0.00351092604758841,0.380254114120942,0.0876628719736441,0.380254114120942
"XM_041079573.1",0.000168112661647885,0.0469764992336209,14.1576441154565,59.037029172812,1,2.41940171106414,11.8074058345624,0.0534019982988563,11.7540038362635,2.91258436227799,11.7540038362635
"XM_041082975.1",0.000167520961870992,0.0469764992336209,14.1642777427423,5.77748266671086,1,5.06651722419938,1.15549653334217,0.0108770355047889,1.14461949783738,0.14305941507063,1.14461949783738
"XM_041112602.1",0.000168774111585735,0.046995270226056,14.1502562888271,5.47049924511738,1,5.02562148687374,1.09409984902348,0.0238523931984558,1.07024745582502,0.148187664630404,1.07024745582502
"XM_016810318.2",0.000171091543107519,0.0471507306993973,14.1246006873151,23.3874886155264,1,3.79327393595813,4.67749772310528,0.128477643402155,4.54902007970313,0.724519338190213,4.54902007970313
"XM_016841372.2",0.000170109576516484,0.0471507306993973,14.1354287572405,56.3440753557915,1,2.36885746340279,11.2688150711583,0.0314735430817948,11.2373415280765,2.97177873328019,11.2373415280765
"XM_041099245.1",0.000171121139488202,0.0471507306993973,14.1242753028104,5.45979565178419,1,6.42663985235615,1.09195913035684,0.00203181414690336,1.08992731620993,0.0756191454403599,1.08992731620993
"XM_016893913.2",0.000172287023814523,0.0473071452890711,14.1115023874539,2.29545571674201,1,5.9412275730741,0.459091143348401,0.0035493982564184,0.455541745091984,0.0845137733010859,0.455541745091984
"XM_016830697.2",0.000173764694274143,0.0474579253955691,14.095438197502,21.4685445164289,1,4.5240313715488,4.29370890328578,0.0526363176822679,4.24107258560352,0.252285552447475,4.24107258560352
"XM_016890722.2",0.00017403639813752,0.0474579253955691,14.0924994058673,16.6182443377841,1,5.55794291696818,3.32364886755682,0.0105678517699593,3.31308101578687,0.0996774349957558,3.31308101578687
"XM_016836531.2",0.000175088901346499,0.0475808602009662,14.0811588226799,2.24257230680304,1,6.07835690014763,0.448514461360608,0.0102823228458882,0.43823213851472,0.0810811189730805,0.43823213851472
"XM_041080342.1",0.000177081661120551,0.0479575950733329,14.0598739361747,11.5294183277566,1,4.18035707789908,2.30588366555133,0.0341344131813248,2.27174925237,0.420954438935465,2.27174925237
"XM_016863801.2",0.000177884294190833,0.0480105460225635,14.0513690001118,4.36628878651022,1,6.52671998609899,0.873257757302042,0.00186554784054749,0.871392209461496,0.074877831369483,0.871392209461496
"XM_016847729.2",0.000178609370066086,0.0480330305381764,14.043719048095,5.54235151211186,1,4.82492761964275,1.10847030242237,0.0150065630561207,1.09346373936625,0.178688150035748,1.09346373936625
"XM_016881257.2",0.000179182397682878,0.0480330305381764,14.0376953857157,8.49698547555625,1,7.54520032126108,1.69939709511125,0.000911654185972779,1.69848544092528,0.0883991128964067,1.69848544092528
"XM_016810829.2",0.000181161986546127,0.0480747983089521,14.0170342441458,1.39998228750988,1,6.388115004776,0.279996457501975,0.00589156802801683,0.274104889473959,0.0760000843941057,0.274104889473959
"XM_016863007.2",0.000181117258215916,0.0480747983089521,14.0174985615975,3.26186095922628,1,6.36326228598318,0.652372191845256,0.00220641623480926,0.650165775610447,0.0762743725211904,0.650165775610447
"XM_041104724.1",0.000180545925637118,0.0480747983089521,14.0234396524594,3.97925650269207,1,5.44292326658942,0.795851300538414,0.00585218538781254,0.789999115150601,0.106854535407157,0.789999115150601
"XM_041114086.1",0.000181997461341763,0.048134980745507,14.0083824755503,1.89386221074303,1,7.29946619846119,0.378772442148605,0.00592236347776053,0.372850078670845,0.0812922919517257,0.372850078670845
"XM_016817005.2",0.000191609845164417,0.0485742056792296,13.9116235886769,7.71334095111307,1,6.45667168968346,1.54266819022261,0.00223398702033891,1.54043420320228,0.0753592130023161,1.54043420320228
"XM_016823106.2",0.000189144264643055,0.0485742056792296,13.9359679662923,2.29750427476052,1,6.86898823778895,0.459500854952104,0.00123124240281282,0.458269612549292,0.0750110551964914,0.458269612549292
"XM_016824082.2",0.000189180646342717,0.0485742056792296,13.9356064262446,22.5159263602997,1,5.84301352406477,4.50318527205994,0.0170234102903364,4.48616186176961,0.0874599124376351,4.48616186176961
"XM_016827850.2",0.000194423124516603,0.0485742056792296,13.8842286603318,6.20618965945239,1,5.39152540731388,1.24123793189048,0.00778191697895166,1.23345601491153,0.110628808665563,1.23345601491153
"XM_016847506.2",0.000194714506832521,0.0485742056792296,13.8814141145821,3.64145122269954,1,6.41654870665346,0.728290244539908,0.00205620928340384,0.726234035256504,0.0757137521628522,0.726234035256504
"XM_016848443.2",0.00018782001993688,0.0485742056792296,13.9491754378867,13.6563222769093,1,3.86272822806049,2.73126445538185,0.0535822516341552,2.6776822037477,0.660478529690706,2.6776822037477
"XM_016854014.2",0.000189066763078391,0.0485742056792296,13.936738365118,5.73524771292774,1,4.67120489912208,1.14704954258555,0.0375959978424857,1.10945354474306,0.210452967431045,1.10945354474306
"XM_016857207.2",0.000189906107980283,0.0485742056792296,13.9284117984818,5.68348267747356,1,5.58477714549531,1.13669653549471,0.00438176078521319,1.1323147747095,0.0982236344170892,1.1323147747095
"XM_016860261.2",0.000186869770683811,0.0485742056792296,13.9587107675741,56.0284428430763,1,2.35809316066651,11.2056885686153,0.0659716902364539,11.1397168783788,2.98365704754572,11.1397168783788
"XM_016866027.2",0.000188112858610554,0.0485742056792296,13.9462467251855,32.8500351246424,1,5.83299069822773,6.57000702492849,0.0226250776855024,6.54738194724299,0.0877891352041867,6.54738194724299
"XM_016872535.2",0.000194042082102875,0.0485742056792296,13.8879156774213,8.2875835308347,1,4.26433222066511,1.65751670616694,0.027305400832391,1.63021130533455,0.370073505648381,1.63021130533455
"XM_016885637.2",0.000193057177494035,0.0485742056792296,13.8974796403117,6.8876040396778,1,4.31008434685992,1.37752080793556,0.0228183024000889,1.35470250553547,0.344983099856901,1.35470250553547
"XM_016888150.2",0.000184981852460909,0.0485742056792296,13.9778009692375,9.27784911213612,1,4.67416882309833,1.85556982242723,0.0185300159878748,1.83703980643935,0.209749798042329,1.83703980643935
"XM_016889406.2",0.000192542893931133,0.0485742056792296,13.9024931669969,4.25030376858458,1,6.21777227257229,0.850060753716917,0.00341259114427184,0.846648162572644,0.0783386486348115,0.846648162572644
"XM_016893214.2",0.000192770794818526,0.0485742056792296,13.9002697980304,23.6687370628873,1,5.5199433319464,4.73374741257746,0.0178154900895571,4.71593192248791,0.101871243291923,4.71593192248791
"XM_041076020.1",0.000187556258022972,0.0485742056792296,13.9518172906434,1.54038688447004,1,6.21454640136832,0.308077376894006,0.0023835976361635,0.305693779257844,0.07839347621936,0.305693779257844
"XM_041081318.1",0.000193947749321016,0.0485742056792296,13.8888295803088,1.90635409092642,1,6.1467006918269,0.381270818185285,0.0114544939018809,0.369816324283403,0.0796403082948349,0.369816324283403
"XM_041087124.1",0.000189626297417961,0.0485742056792296,13.9311834812793,59.3184084947415,1,2.4303972432331,11.8636816989483,0.20039360422573,11.6632880947226,2.89900172260118,11.6632880947226
"XM_016846369.2",0.000196344257669244,0.0488267418128421,13.8657496990961,61.8758705709043,1,2.4474720321306,12.3751741141809,0.00380265675568777,12.3713714574252,2.87744168289008,12.3713714574252
"NM_001327627.1",0.000200082379932362,0.0489929987077566,13.8303098149961,15.1042000314408,1,5.59439314196205,3.02084000628816,0.0105405174956041,3.01029948879256,0.0977209031978492,3.01029948879256
"XM_016852984.2",0.000201737085681227,0.0489929987077566,13.814834578255,3.34862789100999,1,5.44717759626532,0.669725578201999,0.00640246955588967,0.663323108646108,0.106559035431564,0.663323108646108
"XM_016861358.2",0.000200282074619001,0.0489929987077566,13.8284353912861,12.8051539049226,1,4.88171729193455,2.56103078098453,0.0159752568202409,2.54505552416429,0.169009040342602,2.54505552416429
"XM_016881184.2",0.000201586124241756,0.0489929987077566,13.8162410978089,1.91875948616643,1,5.9053088998067,0.383751897233287,0.00874072043071172,0.375011176802575,0.0855360703871897,0.375011176802575
"XM_016883929.2",0.00020196911455145,0.0489929987077566,13.8126748131294,1.88832660915438,1,6.09466119299096,0.377665321830877,0.00297837276849402,0.374686949062383,0.0807202174401381,0.374686949062383
"XM_041108130.1",0.000201059358032084,0.0489929987077566,13.821157344956,39.7969637908771,1,4.91228507798323,7.95939275817542,0.0466620182615623,7.91273073991386,0.16417418719128,7.91273073991386
"XM_041108477.1",0.000199453536060429,0.0489929987077566,13.8362247611146,2.0298970622456,1,5.59235649449535,0.405979412449122,0.00558130096697691,0.400398111482144,0.0978265968976292,0.400398111482144
"XM_041110295.1",0.00020002472000471,0.0489929987077566,13.8308513875541,41.1635630549598,1,4.7499348839899,8.23271261099196,0.978261369186171,7.25445124180579,0.193057850999361,7.25445124180579
"XM_041074753.1",0.000202683412072832,0.0490159150664208,13.8060416659247,7.26476159152049,1,4.83249901008124,1.4529523183041,0.0642344799514424,1.38871783835266,0.177341822963155,1.38871783835266
"XM_016836836.2",0.000204183281458593,0.0490203348398532,13.7921898118956,6.12444078964512,1,5.42134746329542,1.22488815792903,0.00833885540387061,1.21654930252515,0.10839213760474,1.21654930252515
"XM_016889234.2",0.000204561336585123,0.0490203348398532,13.7887145071511,2.41090489704422,1,5.7583612412527,0.482180979408843,0.0176950320935111,0.464485947315333,0.0904350250436692,0.464485947315333
"XM_041116180.1",0.000203330537721259,0.0490203348398532,13.8000525951464,9.02921876254048,1,6.04455332294894,1.8058437525081,0.00415051629860034,1.80169323620949,0.0818642540300311,1.80169323620949
"XM_016864863.2",0.00020551407528378,0.0490211761436501,13.7799849945032,1.21161345559327,1,6.40382985094426,0.242322691118654,0.00170548846110655,0.240617202657548,0.0758382210187105,0.240617202657548
"XM_016878413.2",0.000206032864466467,0.0490211761436501,13.7752486938343,1.48345539603796,1,6.87566701372802,0.296691079207592,0.00113025388884549,0.295560825318746,0.0750549231582606,0.295560825318746
"XM_041089382.1",0.000206424527767267,0.0490211761436501,13.7716809453283,4.96891468724071,1,4.6341909310477,0.99378293744814,0.0120035151646824,0.981779422283459,0.219583333774857,0.981779422283459
"XM_016839592.2",0.000207490255050159,0.049023154588748,13.7620074159375,8.88665196314584,1,4.9945160720376,1.77733039262917,0.0101976042959013,1.76713278833327,0.152299218751829,1.76713278833327
"XM_016868145.2",0.000207672695842572,0.049023154588748,13.7603564336077,1.51438638119193,1,6.80492483758116,0.302877276238386,0.00118085301406202,0.301696423224325,0.0746714961515762,0.301696423224325
"XM_041114542.1",0.000209927938215872,0.0492614283504783,13.7400676365559,5.91948648395157,1,5.13993832191658,1.18389729679031,0.00946052383598721,1.17443677295433,0.134546938953133,1.17443677295433
"XR_001695248.2",0.000209354503308361,0.0492614283504783,13.745205523812,2.00689912324882,1,6.49748829607962,0.401379824649763,0.0100886116363673,0.391291213013396,0.0750575455478172,0.391291213013396
"XM_016811772.2",0.000212908605616019,0.0493542893943141,13.7135870538498,7.36266938971102,1,5.0942673233662,1.4725338779422,0.00871027695637207,1.46382360098583,0.139743727063536,1.46382360098583
"XM_016815722.2",0.000212852086427308,0.0493542893943141,13.714085693794,2.94213291516275,1,5.34082555729084,0.58842658303255,0.00619195732608542,0.582234625706465,0.114749696865102,0.582234625706465
"XM_016828397.2",0.000216564724580513,0.0493542893943141,13.681611140741,15.91704699532,1,3.93344329612989,3.18340939906401,0.0661962501808362,3.11721314888317,0.602393255272366,3.11721314888317
"XM_016829907.2",0.000214423077130804,0.0493542893943141,13.7002750789739,2.92706135489756,1,5.17088467962323,0.585412270979513,0.00836906194353441,0.577043209035978,0.131192332362738,0.577043209035978
"XM_016834139.2",0.00021301143687001,0.0493542893943141,13.7126801681706,8.28307506228676,1,7.11964287054907,1.65661501245735,0.00130048625008728,1.65531452620726,0.0777867719190659,1.65531452620726
"XM_016883112.2",0.000215857495107402,0.0493542893943141,13.6877538292698,18.8820770941215,1,5.20876220206822,3.7764154188243,0.0199662692938181,3.75644914953048,0.127250271398286,3.75644914953048
"XM_041097104.1",0.000216156326943739,0.0493542893943141,13.6851558352218,93.0377674445858,1,4.22730922308777,18.6075534889171,0.100110623724847,18.5074428651923,0.391743717258485,18.5074428651923
"XM_041101866.1",0.000215861303147361,0.0493542893943141,13.6877207000168,4.4301351600694,1,4.8224647182284,0.886027032013881,0.0126994567505605,0.87332757526332,0.179129985965232,0.87332757526332
"XM_041113525.1",0.000215761284643421,0.0493542893943141,13.6885910381977,6.98549775290684,1,5.86863968346738,1.39709955058137,0.00459462581809423,1.39250492476327,0.0866437774018361,1.39250492476327
"XM_041113966.1",0.000214478295315907,0.0493542893943141,13.6997915112526,3.79994978746818,1,6.22777562237036,0.759989957493635,0.00209652514311617,0.75789343235052,0.078171171672869,0.75789343235052
"XM_016858717.2",0.000219286778510108,0.0494051237737304,13.6581556977058,2.15498775194581,1,5.72885381011462,0.430997550389161,0.00442745286575705,0.426570097523404,0.0915849629988392,0.426570097523404
"XM_016869849.2",0.000218093628395212,0.0494051237737304,13.668400535089,11.4806269789854,1,4.24503217849143,2.29612539579707,0.031485911691785,2.26463948410529,0.381218546999133,2.26463948410529
"XM_016886394.2",0.000219097786288651,0.0494051237737304,13.6597747070582,1.202160387611,1,7.07470165916504,0.2404320775222,0.00108137195987804,0.239350705562321,0.0771143503696677,0.239350705562321
"XM_041097572.1",0.000217757455368571,0.0494051237737304,13.6712972421738,1.94758949024385,1,5.66482142726655,0.38951789804877,0.0201127123260696,0.369405185722701,0.0943108248627082,0.369405185722701
"XM_016833569.2",0.000220721305171181,0.0494465745408979,13.6459124121232,18.4841203840957,1,7.34968906545605,3.69682407681915,0.00230406666443637,3.69452001015471,0.0825164620367365,3.69452001015471
"XM_041114844.1",0.000220510711028524,0.0494465745408979,13.6477047446469,1.72635633143094,1,6.12870227679633,0.345271266286187,0.00231513418730944,0.342956132098878,0.0800015066821215,0.342956132098878
"XM_016832656.2",0.00022543986526091,0.0495216237356467,13.6061990537565,2.49682458942502,1,5.59954424585855,0.499364917885003,0.00413445056492501,0.49523046732008,0.0974554420212774,0.49523046732008
"XM_016856290.2",0.000225115155542511,0.0495216237356467,13.6089049900145,15.0353406455619,1,4.41358946860073,3.00706812911238,0.0269828461702051,2.98008528294218,0.295135575630891,2.98008528294218
"XM_016864415.2",0.000224285371683695,0.0495216237356467,13.6158378184356,10.8322572160584,1,4.144180253099,2.16645144321168,0.0386521727018403,2.12779927050984,0.44474368311603,2.12779927050984
"XM_016871135.2",0.000224232333928829,0.0495216237356467,13.6162818262497,1.47082903264706,1,5.94716452108466,0.294165806529413,0.00364310436006038,0.290522702169352,0.0843503437660503,0.290522702169352
"XM_016898547.2",0.000223256990479213,0.0495216237356467,13.6244658761745,14.5376449802288,1,5.12348198199101,2.90752899604575,0.0211099585650953,2.88641903748066,0.136384118897981,2.88641903748066
"XM_041079970.1",0.000222629034677548,0.0495216237356467,13.6297541030785,9.49302778869078,1,5.04258546140891,1.89860555773815,0.0134089082963628,1.88519664944179,0.146023783863376,1.88519664944179
"XM_041097763.1",0.000222400602335819,0.0495216237356467,13.6316815376169,56.364090552672,1,2.37070974234032,11.2728181105344,0.257763169295515,11.0150549412389,2.96970801454972,11.0150549412389
"XM_016860045.2",0.000226864132785777,0.0496964421626018,13.5943762696375,1.6135020103958,1,5.90650956200295,0.322700402079159,0.00320309031805829,0.319497311761101,0.0855009303740506,0.319497311761101
"XM_016810572.2",0.000232324262640531,0.0497891671805236,13.5497346823178,4.96756044249635,1,5.64430442820005,0.99351208849927,0.00454292466728902,0.98896916383198,0.0952569165359239,0.98896916383198
"XM_016813586.2",0.000228703940951659,0.0497891671805236,13.5792143254129,3.26237792373376,1,7.77806881414211,0.65247558474675,0.000585708580957287,0.651889876165794,0.098025418348866,0.651889876165794
"XM_016826686.2",0.000231578776811484,0.0497891671805236,13.5557670154374,5.6306981040464,1,4.88989493179806,1.12613962080928,0.0160920116179265,1.11004760919135,0.167691251029901,1.11004760919135
"XM_016862123.2",0.0002295989366638,0.0497891671805236,13.5718830043632,14.0279898744956,1,3.89585428310722,2.80559797489912,0.0505924321676523,2.75500554273146,0.633079595057937,2.75500554273146
"XM_016881386.2",0.000231846507412254,0.0497891671805236,13.5535983400787,6.97844991434969,1,5.09472146482,1.39568998286994,0.0106271594138679,1.38506282345607,0.139690500191754,1.38506282345607
"XM_016888455.2",0.000231569508947122,0.0497891671805236,13.5558421323647,2.88736444295317,1,6.05890463186934,0.577472888590633,0.0028326691495605,0.574640219441074,0.0815259976880625,0.574640219441074
"XM_016896788.2",0.000228972680267478,0.0497891671805236,13.5770099254428,3.93541405077549,1,5.29426057912929,0.787082810155097,0.00703396782416863,0.780048842330929,0.118919338895363,0.780048842330929
"XM_041114842.1",0.000231529912205851,0.0497891671805236,13.5561631018666,5.95690788991323,1,5.64116828161926,1.19138157798264,0.00469001706296245,1.18669156091968,0.0954048450165134,1.18669156091968
"XR_001681406.2",0.000233055695464969,0.0498109308037021,13.5438349913327,1.22141758628587,1,6.20320005184761,0.244283517257176,0.00207684951692525,0.24220666774025,0.078589508153904,0.24220666774025
"XM_016837243.2",0.000236179670394571,0.049827135775728,13.5188454784435,6.36702540625273,1,4.37154837367417,1.27340508125055,0.0165771531773014,1.25682792807324,0.314230786658638,1.25682792807324
"XM_016847552.2",0.000235998216931931,0.049827135775728,13.5202878367755,4.77746535848486,1,6.54260776214698,0.955493071696971,0.00241370428039214,0.95307936741658,0.0747928208469509,0.95307936741658
"XM_016849825.2",0.000236281941273369,0.049827135775728,13.5180330278109,1.54673162344002,1,6.06692328831944,0.309346324688003,0.00276351853204928,0.306582806155954,0.0813407152047272,0.306582806155954
"XM_016893805.2",0.000234588556555353,0.049827135775728,13.53153132184,1.44126237542778,1,6.22544420527586,0.288252475085556,0.00299519926778354,0.285257275817772,0.0782098613958313,0.285257275817772
"XM_041074958.1",0.000234794985436504,0.049827135775728,13.5298805917292,48.7501280943134,1,3.81534671925248,9.75002561886268,0.168325547537467,9.58170007132522,0.702864306136694,9.58170007132522
"XM_016809740.2",0.000237386629923577,0.0498743430217581,13.509279783253,1.1333604967313,1,7.26157731439285,0.22667209934626,0.00085903884894716,0.225813060497312,0.0804415722924349,0.225813060497312
"XM_016837092.2",0.000239572738937297,0.0498743430217581,13.4920780120164,4.19504569956867,1,6.18686986133792,0.839009139913734,0.00239539780959196,0.836613742104143,0.0788803965547902,0.836613742104143
"XM_016881459.2",0.000239421310895226,0.0498743430217581,13.4932644404128,2.77834015543879,1,5.0792494262814,0.555668031087759,0.00822388083441683,0.547444150253341,0.141522441193972,0.547444150253341
"XM_016889310.2",0.000240289892403766,0.0498743430217581,13.4864694087242,2.20959352107564,1,6.37606320226114,0.441918704215128,0.00239997321659219,0.439518730998536,0.0761302868139044,0.439518730998536
"XM_041085561.1",0.000238575387913936,0.0498743430217581,13.4999061324503,2.9019278342982,1,7.01941693828757,0.580385566859642,0.001092868932332,0.579292697927309,0.0763939260653089,0.579292697927309
"XM_041098886.1",0.000240013641499109,0.0498743430217581,13.4886278692201,71.1627355565377,1,2.64678711672596,14.2325471113076,0.569652589629417,13.6628945216781,2.59185650433204,13.6628945216781
